Workbook

Sheet Tabela 1
A1: Tabela 1. Pesquisa de natureza aplicada
A2: Parâmetro | B2: Finalidade no processo de orçamentação
A3: Escopo técnico | B3: Identificar os serviços e atividades contemplados na contratação.
A4: Local de execução | B4: Identificar o local previsto para realização dos serviços.
A5: Prazo de contrato | B5: Identificar a duração prevista para a contratação.
A6: Quantidade de profissionais | B6: Identificar a composição ou quantidade de profissionais prevista para execução dos serviços.
A7: Prazo de pagamento | B7: Identificar as condições ou prazo estabelecido para pagamento.

Sheet Tabela 2
A1: Tabela 2. Classificação dos resultados obtidos nos dez memoriais descritivos
A2: Critério | B2: Quantidade | C2: %
A3: Correto | B3: 7 | C3: 0.14
A4: Parcial | B4: 19 | C4: 0.38
A5: Incorreto | B5: 14 | C5: 0.28
A6: Não aplicável | B6: 10 | C6: 0.2
A7: Total | B7: 50 | C7: 1

Sheet Tabela 3
A1: Tabela 3. Classificação dos resultados obtidos nos dez memoriais descritivos, desconsiderando o parâmetro Não Aplicável
A2: Critério | B2: Quantidade | C2: %
A3: Correto | B3: ='Tabela 2'!B3 -> 7 | C3: =B3/$B$7 -> 0.175
A4: Parcial | B4: ='Tabela 2'!B4 -> 19 | C4: =B4/$B$7 -> 0.475
A5: Incorreto | B5: ='Tabela 2'!B5 -> 14 | C5: =B5/$B$7 -> 0.35
A6: Não aplicável | C6: =B6/$B$7 -> 0
A7: Total | B7: =SUM(B3:B6) -> 40 | C7: =SUM(C2:C5) -> 1

Sheet Tabela 4
A1: Tabela 4. Desempenho do Memorial Inteligente por parâmetro avaliado
A2: Parâmetro | B2: Correto | C2: Parcial | D2: Incorreto | E2: Não aplicável
A3: Escopo técnico | B3: 0 | C3: 9 | D3: 1 | E3: 0
A4: Local de execução | B4: 3 | C4: 4 | D4: 3 | E4: 0
A5: Prazo de contrato | B5: 3 | C5: 1 | D5: 5 | E5: 1
A6: Quantidade de profissionais | B6: 0 | C6: 5 | D6: 5 | E6: 0
A7: Prazo de pagamento | B7: 1 | C7: 0 | D7: 0 | E7: 9

Sheet Tabela 5
A1: Tabela 5. Classificação dos resultados obtidos na segunda etapa de experimentação
A2: Critério | B2: Quantidade | C2: %
A3: Correto | B3: 30 | C3: 0.6
A4: Parcial | B4: 6 | C4: 0.12
A5: Incorreto | B5: 4 | C5: 0.08
A6: Não aplicável | B6: 10 | C6: 0.2
A7: Total | B7: =SUM(B3:B6) -> 50 | C7: 1

Sheet Tabela 6
A1: Tabela 6. Classificação dos resultados obtidos nos dez memoriais descritivos na segunda etapa de experimentação, desconsiderando o parâmetro Não Aplicável
A2: Critério | B2: Quantidade | C2: %
A3: Correto | B3: 30 | C3: =B3/$B$7 -> 0.75
A4: Parcial | B4: 6 | C4: =B4/$B$7 -> 0.15
A5: Incorreto | B5: 4 | C5: =B5/$B$7 -> 0.1
A6: Não aplicável | B6: 8 | C6: =B6/$B$7 -> 0.2
A7: Total | B7: =SUM(B3:B5) -> 40 | C7: =SUM(C2:C5) -> 1

Sheet Tabela 7
A1: Tabela 7. Desempenho do Memorial Inteligente por parâmetro avaliado na segunda etapa de experimentação
A2: Parâmetro | B2: Correto | C2: Parcial | D2: Incorreto | E2: Não aplicável
A3: Escopo técnico | B3: 9 | C3: 0 | D3: 1 | E3: 0 | L3: Escopo técnico
A4: Local de execução | B4: 8 | C4: 1 | D4: 1 | E4: 0 | L4: Local de execução
A5: Prazo de contrato | B5: 8 | C5: 0 | D5: 1 | E5: 1 | L5: Prazo de contrato
A6: Quantidade de profissionais | B6: 5 | C6: 5 | D6: 0 | E6: 0 | L6: Quantidade de profissionais
A7: Prazo de pagamento | B7: 0 | C7: 0 | D7: 1 | E7: 9 | L7: Prazo de pagamento

Sheet Tabela 8
A1: Tabela 8. Comparação dos resultados obtidos nas etapas de experimentação
A2: Critério | B2: 1º etapa | C2: 2º etapa
A3: Correto | B3: ='Tabela 2'!$B3 -> 7 | C3: ='Tabela 5'!B3 -> 30
A4: Parcial | B4: ='Tabela 2'!$B4 -> 19 | C4: ='Tabela 5'!B4 -> 6
A5: Incorreto | B5: ='Tabela 2'!$B5 -> 14 | C5: ='Tabela 5'!B5 -> 4
A6: Não aplicável | B6: ='Tabela 2'!$B6 -> 10 | C6: ='Tabela 5'!B6 -> 10
A7: Total | B7: =SUM(B3:B6) -> 50 | C7: =SUM(C2:C6) -> 50

Sheet Tabela 9
A1: Tabela 9. Comparação dos casos aplicáveis
A2: Critério | B2: 1º etapa | C2: 2º etapa
A3: Correto | B3: ='Tabela 3'!C3 -> 0.175 | C3: ='Tabela 6'!C3 -> 0.75
A4: Parcial | B4: ='Tabela 3'!C4 -> 0.475 | C4: ='Tabela 6'!C4 -> 0.15
A5: Incorreto | B5: ='Tabela 3'!C5 -> 0.35 | C5: ='Tabela 6'!C5 -> 0.1
A6: Total | B6: =SUM(B3:B5) -> 1 | C6: =SUM(C2:C5) -> 1
